date,user,message
2024-04-01 11:17:00,group_notification,"Messages and calls are end-to-end encrypted. No one outside of this chat, not even WhatsApp, can read or listen to them. Tap to learn more.
"
2024-05-02 17:10:00,Siddhi Didi,"<Media omitted>
"
2024-05-04 09:54:00,Siddhi Didi,"null
"
2024-05-07 19:03:00,Siddhi Didi,"null
"
2024-06-06 19:54:00,Siddhi Didi,"Sahil
"
2024-06-06 20:06:00,Sahil,"Ha bol
"
2024-06-06 20:06:00,Siddhi Didi,"Mala ozee cha subscription hav hota ek movie bggycg siddhu laptop vapartey
"
2024-06-06 20:06:00,Sahil,"Ok ghe na
"
2024-06-06 20:06:00,Sahil,"7208270384
"
2024-06-06 20:06:00,Sahil,"OTP ala ki deto
"
2024-06-06 20:07:00,Sahil,"6626
"
2024-06-06 20:09:00,Siddhi Didi,"null
"
2024-06-06 20:09:00,Siddhi Didi,"Chukun lagala
"
2024-06-06 20:09:00,Siddhi Didi,"Thank you sahil
"
2024-06-06 20:09:00,Siddhi Didi,"ğŸ™ŒğŸ»
"
2024-06-06 20:11:00,Sahil,"U r most welcome ğŸ˜Š
"
2024-06-08 13:31:00,Siddhi Didi,"hi sahil
"
2024-06-08 13:32:00,Sahil,"Hi
"
2024-06-08 13:32:00,Siddhi Didi,"are amhi kuthe tari jaych boltoy kuthe te ajun tharal nhi
"
2024-06-08 13:32:00,Siddhi Didi,"mag paus lagala ki nhi jata yenar
"
2024-06-08 13:32:00,Siddhi Didi,"tar tu yeshil kai
"
2024-06-08 13:33:00,Siddhi Didi,"as firycha nhi unhat
"
2024-06-08 13:35:00,Sahil,"Mi alo asto
"
2024-06-08 13:35:00,Sahil,"Pn
"
2024-06-08 13:35:00,Sahil,"Mala hospital la check up la jaycha ahe
"
2024-06-08 13:39:00,Siddhi Didi,"oh Wednesday la kai
"
2024-06-08 13:40:00,Sahil,"Nahi Tuesday la admit karun check up karaycha boltyt tr 2 divas tari thevtil I guess
"
2024-06-08 13:40:00,Sahil,"Tumhi jaun yaa mazhya vr thambu nkağŸ˜‚
"
2024-06-08 13:40:00,Siddhi Didi,"achha
"
2024-07-03 17:54:00,Siddhi Didi,"Sahil
"
2024-07-03 17:56:00,Siddhi Didi,"Udya amhi bhaher jaycha vichar kartoy ajun nakki nahi but movie la jaycha tar tu yeshil kai
"
2024-07-03 18:49:00,Sahil,"Ho
"
2024-07-03 18:51:00,Sahil,"Kiti vajta?
"
2024-07-03 18:52:00,Siddhi Didi,"Thmb te sangte tula me but mostly 11.30 prybt ani 5 la free
"
2024-07-03 18:53:00,Sahil,"Movie la jaychay na
"
2024-07-03 18:54:00,Siddhi Didi,"Hooo
"
2024-07-03 18:54:00,Sahil,"Mg thoda lavkr bagh na
"
2024-07-03 18:55:00,Sahil,"Karan 5 la mg mala gardi bhetnar
"
2024-07-03 18:55:00,Siddhi Didi,"Are 5a
"
2024-07-03 18:55:00,Sahil,"Tya divshi thanyala baghitlas na
"
2024-07-03 18:55:00,Siddhi Didi,"Are 5 la nhi 4 la 11.30chi moviephudhe3 tas pakad
"
2024-07-03 18:55:00,Siddhi Didi,"Haa
"
2024-07-03 18:56:00,Sahil,"Ok
"
2024-07-04 18:42:00,Siddhi Didi,"Sahil
"
2024-07-04 18:42:00,Siddhi Didi,"Phochala ka tu
"
2024-07-04 19:18:00,Sahil,"Ho kadhich
"
2024-07-04 19:18:00,Sahil,"Siddhi ne sangitla nahi tula?
"
2024-07-04 22:41:00,Siddhi Didi,"Ho are te gadbad hoti na tar rahun gela
"
2024-07-04 22:47:00,Sahil,"Ok ok
"
2024-07-05 11:12:00,Sahil,"191998
"
2024-07-05 13:20:00,Siddhi Didi,"Sahil
"
2024-07-05 13:20:00,Siddhi Didi,"Nighalat
"
2024-07-05 13:20:00,Siddhi Didi,"Tumhi ki ajun chalu ahe interview
"
2024-07-05 13:20:00,Sahil,"2 vajta chalu honar ahe
"
2024-07-05 13:21:00,Siddhi Didi,"Ohhk bhetali na
"
2024-07-05 13:21:00,Sahil,"Kai
"
2024-07-05 13:21:00,Siddhi Didi,"Location
"
2024-07-05 13:21:00,Siddhi Didi,"Company
"
2024-07-05 13:21:00,Sahil,"Ho bhetli
"
2024-08-23 12:55:00,Siddhi Didi,"Sahil
"
2024-08-23 12:56:00,Sahil,"Bolo
"
2024-08-23 12:56:00,Siddhi Didi,"Siddhu la vichar wifi cha
"
2024-08-23 12:56:00,Siddhi Didi,"Password kai she
"
2024-08-23 12:56:00,Siddhi Didi,"Amchya wifi cha password
"
2024-08-23 12:56:00,Sahil,"Qwerty123456
"
2024-08-23 12:57:00,Siddhi Didi,"Okkkk
"
2024-08-23 12:57:00,Sahil,"Ha zhala nahi tr Qwerty@123456
"
2024-08-23 13:03:00,Siddhi Didi,"Ha zala
"
2024-08-23 13:03:00,Siddhi Didi,"Thank you shahil
"
2024-08-23 22:10:00,Siddhi Didi,"null
"
2024-08-23 22:29:00,Siddhi Didi,"Anydesk accept kar
"
2024-08-23 22:29:00,Siddhi Didi,"null
"
2024-08-24 12:30:00,Siddhi Didi,"1) flooding in switches.
"
2024-08-24 13:50:00,Siddhi Didi,"2) endpoint and servers he mala network chya bhaset shikav
"
2024-08-24 13:52:00,Siddhi Didi,"Peer to peer architecture
"
2024-08-24 20:20:00,Siddhi Didi,"TCP 3 way handshake protocol
"
2024-08-25 19:51:00,Siddhi Didi,"sdn chi QB dili ahe tech tumachi assignment aahe na
"
2024-08-25 19:51:00,Siddhi Didi,"Tech questions assignment madhe lihaychi ahet na
"
2024-08-25 19:51:00,Sahil,"Ho he tu ka vichartes?
"
2024-08-25 19:51:00,Sahil,"Siddhi kuthe ahe?
"
2024-09-07 07:50:00,Sahil,"<Media omitted>
"
2024-09-07 07:50:00,Sahil,"<Media omitted>
"
2024-09-07 07:50:00,Sahil,"<Media omitted>
"
2024-09-07 10:11:00,Siddhi Didi,"MasttğŸ˜ğŸ˜ğŸ˜ğŸ˜
"
2024-09-07 10:11:00,Siddhi Didi,"Decoration dakhav
"
2024-09-07 10:15:00,Sahil,"Recording keli Ni ahe nantr dakhavti
"
2024-09-07 10:15:00,Siddhi Didi,"Ho aramat de
"
2024-09-17 19:23:00,Siddhi Didi,"https://youtu.be/C2Vps7aBhCA?si=QqeFsZaSzFi6W4qR
"
2024-09-19 07:17:00,Siddhi Didi,"null
"
2024-09-19 07:21:00,Sahil,"Hi
"
2024-09-19 07:22:00,Sahil,"Hi
"
2024-09-19 07:22:00,Sahil,"null
"
2024-09-19 09:50:00,Siddhi Didi,"Uthali hoti sahil
"
2024-09-19 09:50:00,Siddhi Didi,"Te geli pn
"
2024-09-19 10:39:00,Sahil,"null
"
2024-09-19 10:39:00,Siddhi Didi,"null
"
2024-09-19 10:40:00,Sahil,"null
"
2024-09-19 10:41:00,Sahil,"A bai
"
2024-09-19 10:41:00,Sahil,"null
"
2024-09-19 10:42:00,Sahil,"null
"
2024-09-19 10:49:00,Siddhi Didi,"null
"
2024-09-20 12:01:00,Siddhi Didi,"<Media omitted>
"
2024-09-20 12:01:00,Siddhi Didi,"<Media omitted>
"
2024-09-20 12:01:00,Siddhi Didi,"<Media omitted>
"
2024-09-20 12:01:00,Siddhi Didi,"<Media omitted>
"
2024-09-20 12:01:00,Siddhi Didi,"<Media omitted>
"
2024-09-20 12:01:00,Siddhi Didi,"<Media omitted>
"
2024-09-20 12:01:00,Siddhi Didi,"<Media omitted>
"
2024-09-20 12:01:00,Siddhi Didi,"<Media omitted>
"
2024-09-20 12:01:00,Siddhi Didi,"Sahil hyche prints ana
"
2024-09-20 13:53:00,Siddhi Didi,"null
"
2024-09-21 11:49:00,Siddhi Didi,"<Media omitted>
"
2024-09-21 11:49:00,Siddhi Didi,"Bgh hychi choti size sahil photo evdhi
"
2024-09-21 11:49:00,Siddhi Didi,"Det asel tar kadh nhi tar rahudet
"
2024-09-21 11:49:00,Sahil,"Passport?
"
2024-09-21 11:50:00,Siddhi Didi,"Passport size
"
2024-09-21 11:50:00,Siddhi Didi,"Hoo
"
2024-09-21 11:50:00,Sahil,"Kk nighel kadhto
"
2024-09-21 11:50:00,Siddhi Didi,"Achha tar 5 aan
"
2024-09-21 11:50:00,Sahil,"5 nahi eka page vr 10 ki 15 yatt
"
2024-09-21 11:51:00,Siddhi Didi,"Are wahh
"
2024-09-21 11:51:00,Siddhi Didi,"Chalel
"
2024-09-21 11:51:00,Siddhi Didi,"ğŸ˜‚ğŸ«¢
"
2024-09-22 12:22:00,Sahil,"<Media omitted>
"
2024-09-22 12:28:00,Sahil,"<Media omitted>
"
2024-09-22 12:28:00,Sahil,"<Media omitted>
"
2024-09-23 23:39:00,Siddhi Didi,"null
"
2024-09-25 20:24:00,group_notification,"You blocked this contact. Tap to unblock.
"
2024-09-25 20:35:00,group_notification,"You unblocked this contact.
"
2024-09-29 21:52:00,Siddhi Didi,"null
"
2024-09-29 21:53:00,Siddhi Didi,"null
"
2024-09-29 21:56:00,Siddhi Didi,"null
"
2024-09-30 08:01:00,Siddhi Didi," Sonali Agrawal (HR Recruiter)Sonali Agrawal (HR Recruiter)
 â€¢ 3rd+ â€¢ 3rd+
Recruitment Specialist | Social Media Marketing Specialist | Digital Marketing ConsultantRecruitment Specialist | Social Media Marketing Specialist | Digital Marketing Consultant
16h â€¢  16 hours ago

Follow

Deloitte is ğ—›ğ—¶ğ—¿ğ—¶ğ—»ğ—´ for 2024.
hashtag#Fresher and hashtag#experienced candidates for work-from-home opportunity 
ğ—¦ğ—®ğ—¹ğ—®ğ—¿ğ˜† 3 to 35 LPA
hashtag#Apply Here :- https://lnkd.in/dTAJSRmv

Multiple Positions-30 for ğ—™ğ—¿ğ—²ğ˜€ğ—µğ—²ğ—¿ğ˜€ and ğ—šğ—¿ğ—®ğ—±ğ˜‚ğ—®ğ˜ğ—²ğ˜€ can ğ—®ğ—½ğ—½ğ—¹ğ˜†
150+ Vacancies Available.

Comment 'ğ—¬ğ—˜ğ—¦' and like the post.

I will go through your account and message you if your profile matches.
"
2024-09-30 08:01:00,Siddhi Didi,"he bgh linkdein var ahe
"
2024-09-30 08:01:00,Siddhi Didi,"Sonali Agrawal  hine post kela ahe
"
2024-09-30 11:24:00,Siddhi Didi,"sahil mummy la sang me late yeil aaj ghari
"
2024-09-30 11:24:00,Siddhi Didi,"jevun yenar
"
2024-09-30 13:02:00,Sahil,"Ok
"
2024-09-30 13:03:00,Sahil,"Sangitla
"
2024-10-09 11:42:00,Siddhi Didi,"null
"
2024-10-09 11:42:00,Siddhi Didi,"Sahillll
"
2024-10-09 11:45:00,Sahil,"Bol
"
2024-10-09 11:45:00,Sahil,"null
"
2024-10-09 11:46:00,Sahil,"null
"
2024-10-09 11:47:00,Siddhi Didi,"Siddhu ahe tikde
"
2024-10-09 11:48:00,Sahil,"Ho
"
2024-10-09 11:48:00,Siddhi Didi,"Asel tar tila sang what app bgh ticha
"
2024-10-09 11:48:00,Sahil,"Ok
"
2024-10-11 11:37:00,Siddhi Didi,"null
"
2024-10-11 11:49:00,Siddhi Didi,"Nigha re tumhi
"
2024-10-11 11:49:00,Siddhi Didi,"Mummy ali amhi yetoy
"
2024-10-11 11:49:00,Siddhi Didi,"Ya tumhi pn
"
2024-10-11 11:49:00,Siddhi Didi,"12.30 adhich alat tari chalel
"
2024-10-11 11:49:00,Siddhi Didi,"null
"
2024-10-22 21:38:00,Siddhi Didi,"BNP Paribas, Infinity, Building No.4, 601, Off Film City Road, Malad, Raheja Housing and Commercial Complex, 

B-Wing, 4th Floor.

Malad East, Mumbai, 

Maharashtra 400097
"
2024-10-22 21:50:00,Sahil,"<Media omitted>
"
2024-10-22 21:55:00,Sahil,"<Media omitted>
"
2024-10-22 21:57:00,Sahil,"<Media omitted>
"
2024-10-22 21:57:00,Sahil,"<Media omitted>
"
2024-10-22 21:58:00,Sahil,"<Media omitted>
"
2024-10-24 11:04:00,Siddhi Didi,"sahil
"
2024-10-24 11:04:00,Siddhi Didi,"tumhi clg madhe ahet kai
"
2024-10-24 11:04:00,Siddhi Didi,"siddhu ali clg la
"
2024-10-25 09:13:00,Siddhi Didi,"Sahil
"
2024-10-25 09:14:00,Siddhi Didi,"Siddhu la sang tichys email var ek code ala asel to dyla
"
2024-10-25 09:18:00,Sahil,"Ok
"
2024-10-25 09:20:00,Sahil,"948388
"
2024-10-25 09:21:00,Siddhi Didi,"zala
"
2024-10-29 11:23:00,Siddhi Didi,"shahil
"
2024-10-29 11:23:00,Siddhi Didi,"siddhu ahe tikde
"
2024-10-29 11:24:00,Siddhi Didi,"tila sang mala internshala ch tiche id and password pathv
"
2024-10-29 11:42:00,Siddhi Didi,"22 takayla sang shahil
"
2024-10-29 11:42:00,Siddhi Didi,"siddhu la
"
2024-10-29 11:42:00,Sahil,"Tine kela ahe bagh message tula
"
2024-10-29 11:43:00,Sahil,"Net nahi ahe
"
2024-10-29 11:43:00,Sahil,"Tichya kade
"
2024-10-29 11:43:00,Sahil,"Mi train madhe
"
2024-10-29 11:43:00,Sahil,"Ti ghari jayla nighali ghari jaun baghel
"
2024-10-29 11:43:00,Siddhi Didi,"ohh tumhi nighalat opan
"
2024-10-29 11:43:00,Siddhi Didi,"thik thik
"
2024-11-03 20:48:00,Siddhi Didi,"<Media omitted>
"
2024-11-03 20:49:00,Siddhi Didi,"He gana tu gatos na siddhu bolli hi bgh kiti bakwas gatey tu bara gatos
"
2024-11-03 20:50:00,Siddhi Didi,"ğŸ¤­
"
2024-11-05 15:26:00,Siddhi Didi,"Sahil
"
2024-11-05 15:27:00,Siddhi Didi,"Good understanding and experience in PL-SQL,
"
2024-11-05 15:27:00,Siddhi Didi,"Experience in any IGA Platform like Saviynt or others will be preferred.
"
2024-11-05 15:27:00,Siddhi Didi,"He vale topics aheet
"
2024-11-05 15:28:00,Siddhi Didi,"Shikavashil mala
"
2024-11-05 15:28:00,Siddhi Didi,"Aaj ani udya parva
"
2024-11-05 15:28:00,Siddhi Didi,"2 divas ahet fakt mAzya kade
"
2024-11-06 20:06:00,Sahil,"Hi
"
2024-11-06 20:10:00,Siddhi Didi,"Sahil
"
2024-11-06 20:10:00,Siddhi Didi,"Udya karu apn
"
2024-11-06 20:10:00,Siddhi Didi,"Aaj nko
"
2024-11-06 20:10:00,Siddhi Didi,"null
"
2024-11-06 20:10:00,Sahil,"Ok
"
2024-11-29 18:22:00,Siddhi Didi,"hi
"
2024-11-29 18:23:00,Siddhi Didi,"siddhu che te qb ikde pathv mam ne dilela hujur cha mobile switch off zala tr qb tyat rahila
"
2024-11-29 18:24:00,Sahil,"1.	Write a short note on the Application Perspective in research.
2.	Explain the Objective Perspective in research.
3.	Justify why many studies are combinations of one or more objectives.
4.	Compare and contrast qualitative and quantitative research.
5.	Compare and contrast structured and unstructured research methods.
6.	Provide a brief explanation of Cross-sectional studies.
7.	Explain Longitudinal studies.
8.	Discuss Before-and-after studies.
9.	Compare and contrast Longitudinal studies with Before-and-after studies.
10.	Identify and discuss the disadvantages of Before-and-after studies.
11.	List the disadvantages of Longitudinal studies, including the extra practice and conditioning effects.
12.	Briefly explain Retrospective study design.
13.	Briefly explain Prospective study design.
14.	Provide 3 examples of individual study designs.
15.	Differentiate between Experimental and Non-experimental study designs.
16.	Explain Exposed study design.
17.	Describe a Quasi-experimental design.
18.	Write a short note on After-only experimental design.
19.	What is Placebo design?
20.	Explain Comparative study design.
21.	Describe the Control group in experimental design.
22.	Explain Crossover Comparative Experimental Design.
23.	Explain Trend studies and Cohort studies.
24.	Provide a brief explanation of Cohort studies.
25.	Write a short note on Case study.
26.	Explain why case study is an important study design for qualitative research.
27.	Explain what a Literature Survey is.
28.	Write a short note on journal abbreviations.
29.	Explain Journal Impact Factor and provide an example of how to calculate it.
30.	List and briefly describe various tools for measuring journal impact factor.
31.	Write a short note on a Monograph.
32.	Define an Abstract, and list general considerations for writing an abstract.
33.	Explain the purpose of an abstract in research papers.
34.	Compare and contrast the Abstract and Introduction sections in research papers.
35.	Explain the role and purpose of the Introduction section in a research paper.
36.	Describe the Web of Science database and its purpose.
37.	What is a Citation Index? Write a short note on major citation indexing services.
38.	List the advantages of citation indexes.
"
2024-11-29 18:24:00,Siddhi Didi,"ok thank you
"
2024-11-29 18:24:00,Siddhi Didi,"hujur la sangte me
"
2024-12-09 06:23:00,Siddhi Didi,"Sahil
"
2024-12-09 06:23:00,Siddhi Didi,"Siddhu la jara bgh
"
2024-12-09 06:24:00,Sahil,"Hoo
"
2024-12-09 06:24:00,Sahil,"Mahit ahe mala sagla
"
2024-12-09 06:24:00,Siddhi Didi,"Tine kal pasun kahi nhi khalla
"
2024-12-09 06:24:00,Siddhi Didi,"Adhi khayla de tila
"
2024-12-09 06:24:00,Sahil,"Deto tila aaj
"
2024-12-09 06:24:00,Sahil,"Hoo
"
2024-12-09 06:24:00,Siddhi Didi,"Haa khanar nhi te
"
2024-12-09 06:24:00,Siddhi Didi,"Kai tari as khelavat khayla lav
"
2024-12-09 06:24:00,Sahil,"Ho
"
2024-12-09 06:24:00,Siddhi Didi,"Chai pan de garam
"
2024-12-09 06:25:00,Siddhi Didi,"Thandi vhi
"
2024-12-09 06:25:00,Sahil,"Tu pn ek kaam kar office la ja
"
2024-12-09 06:25:00,Sahil,"Jara bara vatel
"
2024-12-09 06:25:00,Sahil,"Hoo
"
2024-12-09 06:25:00,Sahil,"Abi tu pn khain ghe tu pn ratri nahi jevlis
"
2024-12-09 06:25:00,Siddhi Didi,"Nhii jau sakat me office al
"
2024-12-09 06:25:00,Siddhi Didi,"Ekde mummy la ekt sodun
"
2024-12-09 06:25:00,Sahil,"Ok ok thik ahe pn khaun ghe tu pn kai tari
"
2024-12-09 06:25:00,Siddhi Didi,"Man nai kart re
"
2024-12-09 06:26:00,Siddhi Didi,"Amhi jhoplo hi nhj
"
2024-12-09 06:26:00,Sahil,"Ho bolli siddhi
"
2024-12-09 06:26:00,Siddhi Didi,"Tu tila kahyla de
"
2024-12-09 06:26:00,Sahil,"Bagh tu zoplis pn nahi ani khallas pn nahi
"
2024-12-09 06:26:00,Sahil,"Ajari padshil
"
2024-12-09 06:26:00,Siddhi Didi,"Nai padnat
"
2024-12-09 06:27:00,Sahil,"Thoda sa kha mahit ahe Maan nahi pn atta nahi khallas tr mg ugach parat doctor kade hya saglya madhe
"
2024-12-09 06:27:00,Sahil,"Ho dein mi
"
2024-12-09 06:27:00,Siddhi Didi,"Haa
"
2024-12-09 06:27:00,Siddhi Didi,"Thik ahe
"
2024-12-09 06:27:00,Sahil,"Tila hoddie ghalayla laav
"
2024-12-09 06:27:00,Sahil,"Thandi ahe
"
2024-12-09 06:27:00,Siddhi Didi,"Ha ghatali
"
2024-12-09 06:27:00,Sahil,"Ok ok thik ahe
"
2024-12-09 07:07:00,Siddhi Didi,"Sahil
"
2024-12-09 07:08:00,Siddhi Didi,"Siddhu phochali ka
"
2024-12-09 07:08:00,Siddhi Didi,"Ani time khalla ka
"
2024-12-09 07:08:00,Siddhi Didi,"Te hi sang
"
2024-12-09 07:16:00,Siddhi Didi,"null
"
2024-12-09 07:16:00,Sahil,"Hioo
"
2024-12-09 07:16:00,Sahil,"Ho khatoy medu vada sambar
"
2024-12-09 07:17:00,Sahil,"Muddam tila anla ahe khatey bolta bolta
"
2024-12-09 07:18:00,Siddhi Didi,"Ha khau de khau
"
2024-12-09 07:18:00,Siddhi Didi,"ğŸ¥¹
"
2024-12-09 07:18:00,Siddhi Didi,"Time asel tar
"
2024-12-09 07:18:00,Siddhi Didi,"Ek tas jhop sang tila
"
2024-12-09 07:18:00,Siddhi Didi,"10 ch paper ahe na
"
2024-12-09 07:18:00,Siddhi Didi,"Ek tas jhopel
"
2024-12-09 14:53:00,Sahil,"Hi
"
2024-12-09 14:53:00,Sahil,"Siddhi yeil atta
"
2024-12-09 14:53:00,Sahil,"Nit ahe na sagla?
"
2024-12-09 14:53:00,Siddhi Didi,"Ali
"
2024-12-09 14:53:00,Sahil,"Kaki vagre badbad karyt?
"
2024-12-09 14:53:00,Sahil,"Sandwich ahe siddhu kade khaun ghe
"
2024-12-09 14:53:00,Siddhi Didi,"Nhi te jhopali ahs
"
2024-12-09 14:53:00,Sahil,"Ok good ğŸ‘ğŸ»
"
2024-12-09 14:53:00,Siddhi Didi,"Te thakali
"
2024-12-09 14:53:00,Siddhi Didi,"Haa kahte me
"
2024-12-09 14:53:00,Sahil,"Cheese vala ahe avdel na ?
"
2024-12-09 14:53:00,Siddhi Didi,"Are me jevali sahil
"
2024-12-09 14:54:00,Siddhi Didi,"Tari khate
"
2024-12-09 14:54:00,Sahil,"Asudet tari kha
"
2024-12-09 14:54:00,Siddhi Didi,"Ho avadat cheese mala
"
2024-12-09 14:54:00,Siddhi Didi,"Ho khate
"
2024-12-09 14:54:00,Sahil,"Ha Ani siddhu la bagh ti ghabarli ahe
"
2024-12-09 14:54:00,Sahil,"Tila Sandhya kal chi bhiti vattey
"
2024-12-09 14:54:00,Sahil,"Sandhya kali parat bhandan zhali tr mhanun
"
2024-12-09 15:03:00,Siddhi Didi,"te tr honarch ahe
"
2024-12-09 15:31:00,Siddhi Didi,"azure ready mfa password reset, slowness issue 
redis os
"
2024-12-09 15:32:00,Siddhi Didi,"ad creations, communication
"
2024-12-09 15:34:00,Siddhi Didi,"internet trouble shoot excel powerpoint outlook
there was no stipend 4 5 lc
"
2024-12-09 15:35:00,Siddhi Didi,"4 and 5 nantr interview samantha 
dhcp dil
network configuration
"
2024-12-09 15:51:00,Sahil,"Aaik na ani kontya company cha interview ahe te sang naav
"
2024-12-09 15:51:00,Siddhi Didi,"Ha thmb
"
2024-12-09 15:56:00,Siddhi Didi,"T&t
"
2024-12-09 15:57:00,Sahil,"Phude infotech vagre kai ahe t&t chya?
"
2024-12-09 16:07:00,Siddhi Didi,"Turbo as kai tari abe
"
2024-12-09 16:07:00,Siddhi Didi,"Eka t ch turbo
"
2024-12-09 17:28:00,Siddhi Didi,"Turner and townsend
"
2024-12-09 19:36:00,Sahil,"Ok
"
2024-12-09 20:32:00,Sahil,"<Media omitted>
"
2024-12-09 20:32:00,Sahil,"ajun sagle find nahi kele ahet he ekda check kr ani sang ki asech yetat ka te questions
"
2024-12-09 20:34:00,Siddhi Didi,"ho chalel
"
2024-12-09 20:34:00,Siddhi Didi,"evdhe karto adhi
"
2024-12-09 20:34:00,Siddhi Didi,"hech khup zale
"
2024-12-09 20:34:00,Sahil,"ok thik ahe he commenly asked questions ahet asech vichartat na
"
2024-12-09 21:07:00,Siddhi Didi,"bhulbhullaya 3 movie chi web site de
"
2024-12-09 21:07:00,Sahil,"Ok
"
2024-12-09 21:07:00,Siddhi Didi,"me ani siddhu baghnar ata
"
2024-12-09 21:07:00,Sahil,"https://hdhub4u.earth/bhool-bhulaiyaa-3-2024-hindi-webrip-full-movie/
"
2024-12-09 21:08:00,Sahil,"Ho ho bagh na
"
2024-12-09 21:08:00,Sahil,"Ekdam high quality download kr
"
2024-12-09 21:08:00,Siddhi Didi,"ho
"
2024-12-09 21:09:00,Siddhi Didi,"4 gb cha kela
"
2024-12-09 21:09:00,Sahil,"Ok ok bagha Masta paiki
"
2024-12-10 19:40:00,Sahil,"Abhudidi
"
2024-12-10 19:56:00,Siddhi Didi,"Ha
"
2024-12-10 19:56:00,Siddhi Didi,"Bol sahil
"
2024-12-10 20:13:00,Sahil,"Ghari thik ahe ka?
"
2024-12-10 20:14:00,Siddhi Didi,"Nhi re mummy manse chya mansala bolvun anayla geli te aata ratri yeil
"
2024-12-10 20:14:00,Sahil,"ğŸ¤¦ğŸ»â€â™‚ï¸
"
2024-12-10 20:14:00,Sahil,"Siddhi kai kartey.
"
2024-12-10 20:15:00,Sahil,"Interview cha preperation kartey na
"
2024-12-10 20:15:00,Siddhi Didi,"Siddhu jhopali
"
2024-12-10 20:15:00,Sahil,"Kai
"
2024-12-10 20:15:00,Siddhi Didi,"Nhi
"
2024-12-10 20:15:00,Siddhi Didi,"Tich dok jad zal ahe
"
2024-12-10 20:15:00,Sahil,"Tabbet bari ahe na thixhi?
"
2024-12-10 20:15:00,Siddhi Didi,"Jhopali manje ashich padali ahe
"
2024-12-10 20:15:00,Sahil,"Mummy mule tension ghetla ka tine?
"
2024-12-10 20:16:00,Siddhi Didi,"Hooo
"
2024-12-10 20:16:00,Siddhi Didi,"Te kai bc rojch zal ahe
"
2024-12-10 20:16:00,Sahil,"Are yaar hya kaki pn na Ani kaka pn
"
2024-12-10 20:16:00,Sahil,"Fkt kaki chi chuk nahi ahe
"
2024-12-10 20:16:00,Sahil,"Asudet jaudet tu kai kartes?
"
2024-12-10 20:16:00,Sahil,"Tu thik ahes na?
"
2024-12-10 20:16:00,Sahil,"Jevlis na aaj?
"
2024-12-10 20:17:00,Siddhi Didi,"Me pn jhopli ho aaj jevali hoti
"
2024-12-10 20:17:00,Sahil,"Ok ok good ğŸ˜Š tu pn kaar Aram nantr yudha ladhaycha ahe
"
2024-12-10 20:17:00,Sahil,"Jai mahishmati
"
2024-12-10 20:17:00,Siddhi Didi,"Hoooo he mart khar bolla
"
2024-12-10 20:18:00,Siddhi Didi,"Hooooo jaiii jaii
"
2024-12-10 20:18:00,Siddhi Didi,"ğŸ˜‚ğŸ˜‚
"
2024-12-10 20:18:00,Sahil,"Kaki tum age badho hum piche se bhaag jayenge
"
2024-12-10 20:18:00,Sahil,"ğŸ˜‚
"
2024-12-10 20:19:00,Sahil,"Sod mi asach tucha mood divert karat hoto atta joke karun thoda tuzha tension Kami
"
2024-12-10 20:19:00,Sahil,"Kar tu Aram kr
"
2024-12-10 20:19:00,Siddhi Didi,"Ho jhopali ahe me mummy tar aaj sakali 4.45 la uthun tikde bght basli hoti
"
2024-12-10 20:19:00,Sahil,"Ami monjolika asa nahi bolli ka ğŸ˜‚
"
2024-12-10 20:20:00,Siddhi Didi,"Nhi
"
2024-12-10 20:20:00,Sahil,"Sod don't worry ğŸ˜ u can do this
"
2024-12-10 20:20:00,Siddhi Didi,"Hm
"
2024-12-10 20:20:00,Sahil,"Jastach tumha doghancha mood kharab zhala tr mala call Kara mi masta change karin tumcha mood
"
2024-12-10 20:21:00,Siddhi Didi,"Ha karto
"
2024-12-10 20:21:00,Sahil,"Ani mi Deva kade prarthana karto ki kaki na thoda samjude ki jasta nnonkai karayla
"
2024-12-10 20:21:00,Sahil,"ğŸ™ğŸ»
"
2024-12-10 20:21:00,Siddhi Didi,"Hmm
"
2024-12-10 20:24:00,Sahil,"<Media omitted>
"
2024-12-10 20:24:00,Sahil,"He bagh ğŸ˜‚
"
2024-12-10 20:25:00,Sahil,"<Media omitted>
"
2024-12-13 13:47:00,Siddhi Didi,"null
"
2024-12-19 10:52:00,Siddhi Didi,"null
"
2024-12-19 10:53:00,Siddhi Didi,"Sahil call kar mala
"
2024-12-19 12:15:00,Siddhi Didi,"null
"
2024-12-20 21:58:00,Sahil,"https://guessgame-6ir4.onrender.com
"
2024-12-20 23:25:00,Sahil,"Ha mi mazha ek project hota to deploy kela internet vr
"
2024-12-20 23:25:00,Sahil,"Aaj aap deploy karayla shiklo
"
2024-12-21 09:30:00,Siddhi Didi,"ğŸ˜ğŸ‘ŒğŸ»ğŸ‘ŒğŸ»ğŸ¥³
"
2024-12-21 09:30:00,Siddhi Didi,"Wowww masttttt
"
2024-12-26 23:40:00,Sahil,"https://tic-tac-toe-latest.onrender.com
"
2024-12-26 23:40:00,Sahil,"Ha load ghyayla time gheil pn bagh ekda open karun
"
2024-12-27 10:32:00,Siddhi Didi,"X and 0 ahe ha game
"
2024-12-27 10:32:00,Siddhi Didi,"Tu banavala
"
2024-12-27 10:41:00,Sahil,"Ho
"
2024-12-28 15:27:00,Sahil,"Hi
"
2024-12-28 15:54:00,Siddhi Didi,"Ha bol
"
2024-12-28 18:38:00,Sahil,"Kai kartes?
"
2024-12-28 18:54:00,Siddhi Didi,"Kai nai kam kart hoti
"
2024-12-28 18:54:00,Siddhi Didi,"Aatach sampla
"
2024-12-28 18:54:00,Siddhi Didi,"Bol kai zL
"
2024-12-28 19:08:00,Sahil,"Are asach kela hota message
"
2024-12-28 19:31:00,Sahil,"Tu free zhalis na ki message kr
"
2024-12-28 19:31:00,Siddhi Didi,"Freech ahe bol ata
"
2024-12-28 19:31:00,Siddhi Didi,"Nanter phunha busy honat
"
2024-12-28 19:34:00,Sahil,"Ok ok
"
2024-12-28 19:35:00,Sahil,"Accha aaik
"
2024-12-28 19:35:00,Siddhi Didi,"Ha
"
2024-12-28 19:35:00,Sahil,"Tu atta sutti kadhi asnar phudchya mahinya madhe?
"
2024-12-28 19:36:00,Siddhi Didi,"January la kadhich nhi but me gheun sakte sutti
"
2024-12-28 19:36:00,Siddhi Didi,"Ha bol kai zal
"
2024-12-28 19:36:00,Sahil,"Haaa
"
2024-12-28 19:36:00,Sahil,"Mg 21st la gheshil ka?
"
2024-12-28 19:36:00,Siddhi Didi,"21 january la kai var ahe
"
2024-12-28 19:36:00,Sahil,"Wednesday
"
2024-12-28 19:36:00,Sahil,"Nai Tuesday
"
2024-12-28 19:37:00,Sahil,"Ahe
"
2024-12-28 19:37:00,Siddhi Didi,"Ho chalel gheu sakte kai ahe te tar sang 21 st la
"
2024-12-28 19:37:00,Sahil,"Ho ahe na
"
2024-12-28 19:37:00,Sahil,"Mazha birthday
"
2024-12-28 19:38:00,Siddhi Didi,"Ohhhhh mast mag kuthe jaycha plan kartos ani kon kon siddhu asnar tar ahech
"
2024-12-28 19:38:00,Sahil,"Hoo
"
2024-12-28 19:38:00,Sahil,"Te clg che friend nasnar tyala lakshyat on chi birthday mazha
"
2024-12-28 19:38:00,Sahil,"Tr apanch jaun yeu fkt
"
2024-12-28 19:38:00,Sahil,"Jasta paise mara majja karu
"
2024-12-28 19:39:00,Siddhi Didi,"Apn manje kon kon
"
2024-12-28 19:39:00,Siddhi Didi,"Tu me siddhu
"
2024-12-28 19:39:00,Sahil,"Tu mi siddhu
"
2024-12-28 19:39:00,Sahil,"Ho
"
2024-12-28 19:39:00,Siddhi Didi,"Ho chalel chalel sahil
"
2024-12-28 19:39:00,Siddhi Didi,"Ani ek kam hot tuzya kde
"
2024-12-28 19:39:00,Sahil,"Ani aaik
"
2024-12-28 19:39:00,Sahil,"Ha bol
"
2024-12-28 19:39:00,Siddhi Didi,"Tehi siddhu la nhi sangych
"
2024-12-28 19:39:00,Siddhi Didi,"Adhi tu bol
"
2024-12-28 19:39:00,Sahil,"Ho chalel
"
2024-12-28 19:39:00,Sahil,"Nahi adhi tu bol
"
2024-12-28 19:39:00,Sahil,"Te mazha movie cha baghayla sangnar ahe tu la tu bol adhi
"
2024-12-28 19:40:00,Siddhi Didi,"Are photo shoot karycha hit mala mazya birthday la March madhe
"
2024-12-28 19:40:00,Sahil,"Proper dslr ne ? Ki normal phone ne pn chalel?
"
2024-12-28 19:41:00,Sahil,"Ani Sandhya kali karaycha ahe ki day madhe?
"
2024-12-28 19:41:00,Siddhi Didi,"Hoo chalel dhavel
"
2024-12-28 19:41:00,Sahil,"??
"
2024-12-28 19:42:00,Siddhi Didi,"Dress ne
"
2024-12-28 19:42:00,Siddhi Didi,"Sakali
"
2024-12-28 19:42:00,Sahil,"DSLR*
"
2024-12-28 19:42:00,Siddhi Didi,"Nhi phone madhex
"
2024-12-28 19:42:00,Sahil,"Ok ok
"
2024-12-28 19:42:00,Sahil,"Ho chalel mg
"
2024-12-28 19:42:00,Siddhi Didi,"Tu phone madhe pan changle kadhtos
"
2024-12-28 19:42:00,Sahil,"Mi karu shakto
"
2024-12-28 19:42:00,Siddhi Didi,"Ha but jaga ajun bghitla nhi me
"
2024-12-28 19:43:00,Siddhi Didi,"Jaga sodhem ani sangen
"
2024-12-28 19:43:00,Siddhi Didi,"Ata tuz sang
"
2024-12-28 19:43:00,Sahil,"Ho ho chalel
"
2024-12-28 19:43:00,Sahil,"Mi tula movie baghayla sangnar hoto ğŸ˜‚
"
2024-12-28 19:43:00,Sahil,"Series ahe khara tar
"
2024-12-28 19:43:00,Sahil,"Hollywood
"
2024-12-28 19:43:00,Sahil,"Squid game
"
2024-12-28 19:43:00,Sahil,"Masta ahe
"
2024-12-28 19:44:00,Siddhi Didi,"Ho kai nav kai
"
2024-12-28 19:44:00,Siddhi Didi,"He kai
"
2024-12-28 19:44:00,Sahil,"Netflix vr ahe pn khup masta ahe thoda thrill thoda comedy
"
2024-12-28 19:44:00,Sahil,"Romance nahi ahe
"
2024-12-28 19:44:00,Sahil,"Series cha naav ahe
"
2024-12-28 19:44:00,Sahil,"Trailer bagh tyacha avdli tr bagh
"
2024-12-28 19:44:00,Sahil,"Khup Masta hoti tyachya atta season 2 pn ala ahe
"
2024-12-28 19:44:00,Siddhi Didi,"Ha thmb. Trailer bghte
"
2024-12-28 19:45:00,Sahil,"Ok
"
2024-12-28 19:49:00,Sahil,"baghtlas?
"
2024-12-28 19:50:00,Siddhi Didi,"Kunfu karte fighting ahe tyat
"
2024-12-28 19:50:00,Siddhi Didi,"Na
"
2024-12-28 19:50:00,Siddhi Didi,"Ho bghital
"
2024-12-28 19:50:00,Sahil,"nahi
"
2024-12-28 19:50:00,Sahil,"kungu vagre nahi ahe
"
2024-12-28 19:51:00,Sahil,"tr te asa ahe ki je lok ase khup karja madhe astat tya lokana ektra karun tyancya akdun game khelvle jatat
"
2024-12-28 19:51:00,Sahil,"ani jo harel to mela
"
2024-12-28 19:51:00,Sahil,"jo jinkla tyala na sampanare paise milnar
"
2024-12-28 19:51:00,Sahil,"ani khup masta ahe series
"
2024-12-28 19:53:00,Sahil,"ani hi nahi avdli na tr hostar vr ek ah
"
2024-12-28 19:53:00,Sahil,"thukra ke mera pyar
"
2024-12-28 19:53:00,Sahil,"ti tr khup masa ani bolywood ah e
"
2024-12-28 19:54:00,Siddhi Didi,"Ha te mast te bghen me but half nhi ahe na tychi story
"
2024-12-28 19:54:00,Siddhi Didi,"I mean ardha next season la vaigre as kahi ahe ka
"
2024-12-28 19:55:00,Sahil,"Thukra ke Mera pyaar Ho ahe ardhi next season la
"
2024-12-28 19:55:00,Sahil,"Pn hya season madhe om stroy Purna keli ahe
"
2024-12-28 19:55:00,Siddhi Didi,"Mag next ala hi baghel me
"
2024-12-28 19:56:00,Sahil,"are nahi tyacha season 2  nahi yanar ahe
"
2024-12-28 20:06:00,Siddhi Didi,"Achha
"
2024-12-28 22:31:00,Sahil,"Siddhu na jevtach zopli ka?
"
2024-12-28 22:32:00,Siddhi Didi,"Ho tich dok khup dukhatay me bharavate boli but nko boli te ulti sarakh hotay
"
2024-12-28 22:34:00,Sahil,"Ok ok thik ahe zopudet
"
2024-12-30 21:13:00,Sahil,"Hi
"
2024-12-30 21:13:00,Sahil,"Abhu didi
"
2024-12-31 17:57:00,Sahil,"Hi abhu didi
"
2024-12-31 17:57:00,Siddhi Didi,"ha bol sahil
"
2024-12-31 17:57:00,Sahil,"Kai kartes
"
2024-12-31 17:57:00,Sahil,"Kamat ahes?
"
2024-12-31 17:58:00,Siddhi Didi,"nhi file transfer hotey
"
2024-12-31 17:58:00,Siddhi Didi,"bol free ahe to prynt
"
2024-12-31 17:58:00,Sahil,"Siddhu kai kaam kartey?
"
2024-12-31 17:58:00,Siddhi Didi,"nhi te you tube bghtey
"
2024-12-31 17:58:00,Sahil,"Are mi kai boltoy
"
2024-12-31 17:58:00,Siddhi Didi,"mobile table khali ahe
"
2024-12-31 17:58:00,Siddhi Didi,"kai
"
2024-12-31 17:59:00,Sahil,"Mala tyadivshi interview sathi call ala hota te bolle tumhi interest ahat ka java developer sathi
"
2024-12-31 17:59:00,Sahil,"Tr mi bollo ho tr te bolle thik ahe amhi tumcha telephonic interview set kartti
"
2024-12-31 17:59:00,Sahil,"Mag magchya week madhe mazha telephonic interview zhala
"
2024-12-31 17:59:00,Sahil,"Ani mi select zhali kai jasta nahi tyani basic question vicharle
"
2024-12-31 17:59:00,Sahil,"Ani aaj mazha machine test hoti
"
2024-12-31 18:00:00,Sahil,"Tithe gelo hoto mi thanyala
"
2024-12-31 18:00:00,Siddhi Didi,"ohhhhhh kal sangital nhis tu mala he
"
2024-12-31 18:00:00,Siddhi Didi,"aj gela hotas
"
2024-12-31 18:00:00,Siddhi Didi,"kai bole te
"
2024-12-31 18:00:00,Sahil,"Yaar pn interview madhe tyani easy questions vicharle hote mhanun mala vatla ki core javach karaycha ahe mhanun mi fkt core Java karin gelo ani asadhya spring boot kartoy na
"
2024-12-31 18:00:00,Sahil,"Tr advance java nahi kela khup divas ani aaj sathi on navta kela
"
2024-12-31 18:01:00,Sahil,"Tyani nemka advance java cha question dila solve karayla
"
2024-12-31 18:01:00,Sahil,"Ani mala alach nahi yaar
"
2024-12-31 18:01:00,Sahil,"Tari mi try kela pn jasta nahi jamla
"
2024-12-31 18:01:00,Siddhi Didi,"ohh mag te kai bole
"
2024-12-31 18:01:00,Sahil,"Khara tr ha job mala hava hota mala company pn avdli hoti ani mazhya field madhla job hota ğŸ˜
"
2024-12-31 18:02:00,Sahil,"Te bolle ki tu code run kela asta tr tula phude pathvu shaklo asto ani tu spring boot boltoy te ti position experience level sathi ahe
"
2024-12-31 18:02:00,Sahil,"Mi tyana bollo tumhala hava tr mi atta tumchya samor karun dakvato spring boot
"
2024-12-31 18:03:00,Sahil,"Pn te bolle nahi mhanun
"
2024-12-31 18:03:00,Sahil,"Tya mule aaj cha mazha te ghan gela sagla
"
2024-12-31 18:03:00,Siddhi Didi,"nav kai company ch
"
2024-12-31 18:03:00,Sahil,"Yaar mala na asa ghaan vattay na
"
2024-12-31 18:03:00,Sahil,"Pinnacle technology
"
2024-12-31 18:03:00,Siddhi Didi,"tyat kai nai sahil
"
2024-12-31 18:03:00,Siddhi Didi,"ha tar tuza first interview hota na
"
2024-12-31 18:03:00,Sahil,"Ho Java sathi first hota
"
2024-12-31 18:06:00,Sahil,"Evdhe divas mi na interview sathi select navto hot ani atta projects vagre banvle internships kelya tr interview sathi select zhalo pn swatachyach chuki mule nahi bhetla aaj
"
2024-12-31 18:06:00,Sahil,"Normal hota crud operation karayche hote MySQL ne ani java server pages ne
"
2024-12-31 18:07:00,Siddhi Didi,"thik ahe sahil bghh
"
2024-12-31 18:07:00,Siddhi Didi,"apn interview det rahaych
"
2024-12-31 18:07:00,Siddhi Didi,"khuppp deshil thevha tula ekhadi bhetel job
"
2024-12-31 18:07:00,Siddhi Didi,"me tar kiti dilet te mojale hi nhit
"
2024-12-31 18:07:00,Siddhi Didi,"ha vaiet vatt thod but nanter me phunha start karte
"
2024-12-31 18:08:00,Sahil,"Pn problem asa ahe ki java chya position sathi fresher sathi mumbai madhe khup Kami ahet
"
2024-12-31 18:08:00,Siddhi Didi,"soo ek interview changala nhi gela mhun kai lagech har nai manaychi
"
2024-12-31 18:08:00,Sahil,"Tithe banglore la vagre ahet jasta pn ithe Kami ahe
"
2024-12-31 18:08:00,Siddhi Didi,"pune la khup ahet java sathi
"
2024-12-31 18:08:00,Siddhi Didi,"mag bhaher jaycha kai plan nhi na tuza
"
2024-12-31 18:08:00,Sahil,"Nahi yaar mi haar nahi manat ahe pn na khup asa ghaan vattay kalat nahi kasa sangu
"
2024-12-31 18:09:00,Sahil,"Ahe m.sc nantr
"
2024-12-31 18:10:00,Siddhi Didi,"nko sangu mala kalatay
"
2024-12-31 18:45:00,Siddhi Didi,"sahil siddhu la bolas ka he
"
2024-12-31 18:45:00,Sahil,"Nahi
"
2024-12-31 18:46:00,Sahil,"Nantr call vr sangnar ahe
"
2024-12-31 18:46:00,Siddhi Didi,"achha
"
2024-12-31 18:46:00,Siddhi Didi,"tension nko gheus
"
2024-12-31 18:46:00,Sahil,"Tu kahi bollis nahi na tila?
"
2024-12-31 18:46:00,Siddhi Didi,"ha ata te anghol kartey
"
2024-12-31 18:46:00,Siddhi Didi,"nanter kar call 7.30 la
"
2024-12-31 18:46:00,Siddhi Didi,"nhi
"
2024-12-31 18:46:00,Sahil,"Are didi tension nahi yet ahe swata vr guilt ani raag Yetoy
"
2024-12-31 18:46:00,Sahil,"Evdhuss jamla nahi mhanun
"
2024-12-31 18:46:00,Sahil,"Ho
"
2024-12-31 18:47:00,Siddhi Didi,"chill mag aaj rag yetoy na kar rag ani udya parat navyane survat kar
"
2024-12-31 18:47:00,Siddhi Didi,"tas hi aaj last day ahe
"
2024-12-31 18:47:00,Siddhi Didi,"udya pasun new year
"
2024-12-31 18:47:00,Sahil,"Ho
"
2024-12-31 18:48:00,Sahil,"ğŸ™‚
"
2024-12-31 18:48:00,Siddhi Didi,"kala na tula kai chukala te phudhya veli te chuk laskhat thev ani kar kai te
"
2024-12-31 18:48:00,Sahil,"Kalla atta kai kai vichartat te atta barobar kari puchdhya interview la
"
2024-12-31 18:48:00,Siddhi Didi,"tech chuk first and last time
"
2024-12-31 18:48:00,Sahil,"Ho mi ek chuk dusryana nahi karat
"
2024-12-31 18:48:00,Sahil,"Atta fkt next month madhe ekda konta tari interview bhetudet
"
2024-12-31 18:49:00,Siddhi Didi,"ha apply karat raha
"
2024-12-31 18:59:00,Sahil,"Ho
"
2024-12-31 20:26:00,Sahil,"Abhu didi
"
2024-12-31 21:34:00,Siddhi Didi,"Ha bol
"
2024-12-31 21:34:00,Siddhi Didi,"Sahil
"
2024-12-31 22:04:00,Sahil,"You deleted this message
"
2025-01-02 19:39:00,Sahil,"You deleted this message
"
2025-01-02 19:40:00,Sahil,"You deleted this message
"
2025-01-02 19:40:00,Sahil,"You deleted this message
"
2025-01-02 21:12:00,Sahil,"Gunaah cha trailer bagh
"
2025-01-03 17:30:00,Sahil,"Abhu didi
"
2025-01-03 19:38:00,Sahil,"Abhu didi tya divshi
"
2025-01-03 19:38:00,Sahil,"Mi steps pn khup barorbar kelya hotya
"
2025-01-03 19:38:00,Sahil,"Ani code suddha
"
2025-01-03 19:39:00,Sahil,"Tya software cha glitch hota
"
2025-01-03 19:39:00,Sahil,"To app jar band karun chalu kela asta tr code run zhala asta
"
2025-01-03 19:39:00,Sahil,"Ani mala vatla ki mi step miss kartoy konti tari
"
2025-01-03 19:39:00,Sahil,"ğŸ¥²
"
2025-01-03 19:39:00,Sahil,"Ani ti Company khup mothi hoti changli hoti pinnacle
"
2025-01-03 19:40:00,Sahil,".
"
2025-01-03 19:41:00,Siddhi Didi,"Ohhhhhh
"
2025-01-03 19:41:00,Siddhi Didi,"Are are
"
2025-01-03 19:41:00,Siddhi Didi,"He tula kadhi kala
"
2025-01-03 19:42:00,Sahil,"Atta jevha mi mazhya pc vr to software run kela
"
2025-01-03 19:42:00,Siddhi Didi,"Hoo thik ahe sahil jaudet ata dusri kade laksh de
"
2025-01-03 19:42:00,Siddhi Didi,"Nhi tar tu call kartos ka tya mansala
"
2025-01-03 19:42:00,Siddhi Didi,"Kiva mail
"
2025-01-03 19:42:00,Siddhi Didi,"Tyala sang he
"
2025-01-03 19:42:00,Siddhi Didi,"Bgh kai bolto to
"
2025-01-03 19:42:00,Sahil,"Ok try karto
"
2025-01-03 19:42:00,Siddhi Didi,"Manje tula bar vatel
"
2025-01-03 19:42:00,Sahil,"Ho
"
2025-01-03 19:42:00,Siddhi Didi,"Haa bol tyla sagal Ani bol
"
2025-01-03 19:43:00,Siddhi Didi,"Ki please give me one more chance as I am starting my career and I want to start it with your company
"
2025-01-03 19:43:00,Siddhi Didi,"As bol
"
2025-01-03 19:43:00,Siddhi Didi,"Bghu kai bolto te
"
2025-01-03 19:44:00,Sahil,"Ok chalel pn udya karayla lagel call tyancha office time madhe
"
2025-01-03 19:44:00,Siddhi Didi,"Ha Kiva Monday udya sat ahe
"
2025-01-04 22:29:00,Sahil,"Badmaash company
"
2025-01-04 22:29:00,Sahil,"Shahid kapoor chi ahe khup comedy ahe
"
2025-01-05 10:14:00,Siddhi Didi,"me bghitala already
"
2025-01-05 10:36:00,Sahil,"Ani gunaah
"
2025-01-05 10:37:00,Siddhi Didi,"gunaah nhi bghital
"
2025-01-05 10:37:00,Siddhi Didi,"aaj kam ahe
"
2025-01-05 10:37:00,Sahil,"Aaj accha ghari
"
2025-01-05 10:37:00,Siddhi Didi,"ata sutti chya divashi bghen
"
2025-01-05 10:37:00,Siddhi Didi,"nhii
"
2025-01-05 10:37:00,Siddhi Didi,"office ch kam ahe
"
2025-01-05 10:37:00,Sahil,"Ohh office
"
2025-01-05 10:37:00,Sahil,"Ok ok kr kaam
"
2025-01-05 10:37:00,Siddhi Didi,"sunday la mala sutti naste
"
2025-01-05 10:38:00,Sahil,"Ok ok
"
2025-01-05 19:23:00,Sahil,"<Media omitted>
"
2025-01-05 20:32:00,Sahil,"Abhu didi
"
2025-01-06 17:41:00,Sahil,"Abhu didi
"
2025-01-06 17:41:00,Sahil,"Busy???
"
2025-01-09 11:28:00,Siddhi Didi,"null
"
2025-01-09 11:30:00,Siddhi Didi,"Sahil siddhu bhetali kai
"
2025-01-09 11:32:00,Sahil,"Hoo
"
2025-01-09 11:36:00,Siddhi Didi,"achha
"
2025-01-09 12:47:00,Siddhi Didi,"null
"
2025-01-10 11:00:00,Siddhi Didi,"null
"
2025-01-10 11:59:00,Siddhi Didi,"null
"
2025-01-10 12:00:00,Siddhi Didi,"null
"
2025-01-10 12:01:00,Siddhi Didi,"null
"
2025-01-10 14:56:00,Siddhi Didi,"null
"
2025-01-13 20:13:00,Siddhi Didi,"null
"
2025-01-13 20:13:00,Siddhi Didi,"null
"
2025-01-13 20:35:00,Siddhi Didi,"null
"
2025-01-15 12:57:00,Sahil,"Ghetla ka electrolyte.?
"
2025-01-15 12:57:00,Siddhi Didi,"hoo ghetal
"
2025-01-15 12:57:00,Sahil,"Kasa vattay atta?
"
2025-01-15 12:58:00,Siddhi Didi,"tasch weakness ahe thoda
"
2025-01-15 12:58:00,Sahil,"Atta te ghetlas na tr bagh thodya velane jara takad yeil.ani.tjodi bhuk pn lagel
"
2025-01-15 12:58:00,Siddhi Didi,"atach uthun basli jara
"
2025-01-15 12:58:00,Siddhi Didi,"ho bhook lagaliy
"
2025-01-15 12:58:00,Sahil,"Ho thodya velane vatel energy lagech nahi yenar ğŸ˜‚
"
2025-01-15 12:58:00,Siddhi Didi,"but kahi kahych man nai karat ahe
"
2025-01-15 12:58:00,Sahil,"Khaun ghe normalch khaa
"
2025-01-15 12:58:00,Sahil,"Dal bhat vagre
"
2025-01-15 12:58:00,Siddhi Didi,"nhi dal bhat nhi
"
2025-01-15 12:59:00,Sahil,"Tikhat Kiva ambat khau nko
"
2025-01-15 12:59:00,Siddhi Didi,"chatni bhat
"
2025-01-15 12:59:00,Sahil,"Are ğŸ¤¦ğŸ»â€â™‚ï¸
"
2025-01-15 12:59:00,Siddhi Didi,"hirvi chatni ani bhat
"
2025-01-15 12:59:00,Sahil,"Tyane ajun kharab hoil tabyt
"
2025-01-15 12:59:00,Sahil,"Thik.kha bagh kai te
"
2025-01-15 13:03:00,Siddhi Didi,"tu chup tula kai swtach mahiti nahi ala motha duniyela gyaan shikvaila hatt
"
2025-01-15 13:03:00,Sahil,"Are
"
2025-01-15 13:03:00,Sahil,"Mi bollo na kha mhanun hava te
"
2025-01-15 13:03:00,Sahil,"He kai
"
2025-01-15 13:04:00,Siddhi Didi,"ho siddhu ne lihal hot te
"
2025-01-15 13:04:00,Sahil,"Mahit ahe mala
"
2025-01-17 12:12:00,Siddhi Didi,"null
"
2025-01-21 11:13:00,Siddhi Didi,"Happy Birthday sahilğŸ¥³ğŸ¥³ğŸ‚
"
2025-01-21 12:03:00,Sahil,"Thank you abhu didi
"
2025-01-21 12:04:00,Siddhi Didi,"sutalat tumhi
"
2025-01-21 12:04:00,Sahil,"Ho
"
2025-01-21 12:04:00,Siddhi Didi,"ki ahe ajun lecture
"
2025-01-21 12:05:00,Sahil,"Sutlo
"
2025-01-22 12:44:00,Siddhi Didi,"Sahil
"
2025-01-22 12:44:00,Siddhi Didi,"Siddhu la kapor anayla sang
"
2025-01-22 12:44:00,Sahil,"Ghetla
"
2025-01-22 12:44:00,Sahil,"Nai annar
"
2025-01-22 12:44:00,Sahil,"Kai karnar ahes
"
2025-01-22 12:44:00,Siddhi Didi,"Me kai nai karnar
"
2025-01-22 12:44:00,Sahil,"Ukhadaychay te ukhad
"
2025-01-22 12:44:00,Siddhi Didi,"Mummy karel kai te
"
2025-01-22 12:45:00,Siddhi Didi,"ğŸ¤£ğŸ¤£
"
2025-01-22 12:45:00,Sahil,"Tu kai karuch shakat nahis
"
2025-01-22 12:45:00,Siddhi Didi,"Tulach ukhadel te
"
2025-01-22 12:45:00,Siddhi Didi,"Hatt
"
2025-01-22 12:45:00,Sahil,"Siddhu tuza karnar ahe patta shodhun thev nahi tr aplyala vr tulach pattya sarkha pisel
"
2025-01-22 12:45:00,Sahil,"<Media omitted>
"
2025-01-22 12:47:00,Siddhi Didi,"hoo sohala amhi sakali me ani papa ni
"
2025-01-22 12:47:00,Siddhi Didi,"but bhetalach nhi
"
2025-01-22 12:47:00,Siddhi Didi,"kuthe gayab zala kai mhit
"
2025-01-22 12:48:00,Sahil,"Thamb yet ahe atta
"
2025-01-22 12:51:00,Siddhi Didi,"ha thik ahe aramat ye
"
2025-01-22 14:01:00,Sahil,"Are te message siddhu ne type kele hote
"
2025-01-22 14:01:00,Siddhi Didi,"chup chomdya
"
2025-01-22 14:01:00,Siddhi Didi,"bichra siddhu vr nav ghaltos
"
2025-01-22 14:01:00,Siddhi Didi,"swta kartos ani
"
2025-01-22 14:02:00,Sahil,"Aa siddhu message kartes
"
2025-01-22 14:02:00,Sahil,"Abhu didi la de phone
"
2025-01-22 14:02:00,Siddhi Didi,"amcha siddhu kiti saral ani sadha ahe
"
2025-01-22 14:02:00,Siddhi Didi,"mich ahe abhu didi
"
2025-01-22 14:02:00,Sahil,"Ho ho
"
2025-01-22 14:02:00,Sahil,"Ajibat nahi
"
2025-01-22 14:02:00,Siddhi Didi,"arey sahil
"
2025-01-24 12:23:00,Siddhi Didi,"Ho zala
"
2025-01-24 12:24:00,Sahil,"Ok
"
2025-01-24 19:19:00,Siddhi Didi,"null
"
2025-01-25 20:03:00,Sahil,"https://meet.google.com/ewq-cwoe-uxg
"
